                                    -- Start MODULE :- Create LocationSetup module
-- select * from BLC_ADMIN_MODULE ORDER BY ADMIN_MODULE_ID DESC LIMIT 1; to get the last ID no.
insert into BLC_ADMIN_MODULE (ADMIN_MODULE_ID, NAME, MODULE_KEY, ICON, DISPLAY_ORDER) values (1000, 'Location Setup','LocationSetup', 'blc-icon-customer-care', 1);
                                    -- End:- Create LocationSetup module

                        -- Start ENTITY(District) :- Create Admin permissions and entity permissions for your new entity
-- select * from BLC_ADMIN_PERMISSION ORDER BY ADMIN_PERMISSION_ID DESC LIMIT 1; to get the last ID no.
insert into BLC_ADMIN_PERMISSION (ADMIN_PERMISSION_ID, DESCRIPTION, NAME, PERMISSION_TYPE, IS_FRIENDLY) values (1000,'Read District','PERMISSION_READ_DISTRICT', 'READ', FALSE);
INSERT INTO BLC_ADMIN_PERMISSION (ADMIN_PERMISSION_ID, DESCRIPTION, NAME, PERMISSION_TYPE, IS_FRIENDLY) VALUES (1001,'All District','PERMISSION_ALL_DISTRICT', 'ALL', FALSE);

-- select * from BLC_ADMIN_PERMISSION_ENTITY ORDER BY ADMIN_PERMISSION_ENTITY_ID  DESC LIMIT 1; to get the last ID no.
INSERT INTO BLC_ADMIN_PERMISSION_ENTITY (ADMIN_PERMISSION_ENTITY_ID, CEILING_ENTITY, ADMIN_PERMISSION_ID) VALUES (1000, 'org.technohaven.core.entities.District', 1000);
INSERT INTO BLC_ADMIN_PERMISSION_ENTITY (ADMIN_PERMISSION_ENTITY_ID, CEILING_ENTITY, ADMIN_PERMISSION_ID) VALUES (1001, 'org.technohaven.core.entities.District', 1001);
                        -- End:- Create Admin permissions and entity permissions for your new entity

                                -- Start:- Friendly permissions
-- select * from BLC_ADMIN_PERMISSION ORDER BY ADMIN_PERMISSION_ID DESC LIMIT 1; to get the last ID no.
-- select * from BLC_ADMIN_PERMISSION_XREF ORDER BY CHILD_PERMISSION_ID  DESC LIMIT 1; to get the last ID no.
INSERT INTO BLC_ADMIN_PERMISSION (ADMIN_PERMISSION_ID, DESCRIPTION, NAME, PERMISSION_TYPE, IS_FRIENDLY) VALUES (1002,'View District','PERMISSION_DISTRICT_VIEW', 'READ', TRUE);
INSERT INTO BLC_ADMIN_PERMISSION_XREF (ADMIN_PERMISSION_ID, CHILD_PERMISSION_ID) VALUES (1002, 1000);
INSERT INTO BLC_ADMIN_PERMISSION (ADMIN_PERMISSION_ID, DESCRIPTION, NAME, PERMISSION_TYPE, IS_FRIENDLY) VALUES (1003,'Maintain District','PERMISSION_DISTRICT_ALL', 'ALL', TRUE);
INSERT INTO BLC_ADMIN_PERMISSION_XREF (ADMIN_PERMISSION_ID, CHILD_PERMISSION_ID) VALUES (1003, 1001);
                                -- End:- Friendly permissions

                                -- Start:- Add Role Permission XREF to the All Permission
INSERT INTO BLC_ADMIN_ROLE_PERMISSION_XREF (ADMIN_ROLE_ID, ADMIN_PERMISSION_ID) VALUES (-1,1003);
                                -- End:- Add Role Permission XREF to the All Permission

                        -- Start ENTITY(City) :- Create Admin permissions and entity permissions for your new entity
-- select * from BLC_ADMIN_PERMISSION ORDER BY ADMIN_PERMISSION_ID DESC LIMIT 1; to get the last ID no.
insert into BLC_ADMIN_PERMISSION (ADMIN_PERMISSION_ID, DESCRIPTION, NAME, PERMISSION_TYPE, IS_FRIENDLY) values (1004,'Read City','PERMISSION_READ_CITY', 'READ', FALSE);
INSERT INTO BLC_ADMIN_PERMISSION (ADMIN_PERMISSION_ID, DESCRIPTION, NAME, PERMISSION_TYPE, IS_FRIENDLY) VALUES (1005,'All City','PERMISSION_ALL_CITY', 'ALL', FALSE);

-- select * from BLC_ADMIN_PERMISSION_ENTITY ORDER BY ADMIN_PERMISSION_ENTITY_ID  DESC LIMIT 1; to get the last ID no.
INSERT INTO BLC_ADMIN_PERMISSION_ENTITY (ADMIN_PERMISSION_ENTITY_ID, CEILING_ENTITY, ADMIN_PERMISSION_ID) VALUES (1002, 'org.technohaven.core.entities.City', 1004);
INSERT INTO BLC_ADMIN_PERMISSION_ENTITY (ADMIN_PERMISSION_ENTITY_ID, CEILING_ENTITY, ADMIN_PERMISSION_ID) VALUES (1003, 'org.technohaven.core.entities.City', 1005);
                        -- End:- Create Admin permissions and entity permissions for your new entity

                                -- Start:- Friendly permissions
-- select * from BLC_ADMIN_PERMISSION ORDER BY ADMIN_PERMISSION_ID DESC LIMIT 1; to get the last ID no.
-- select * from BLC_ADMIN_PERMISSION_XREF ORDER BY CHILD_PERMISSION_ID  DESC LIMIT 1; to get the last ID no.
INSERT INTO BLC_ADMIN_PERMISSION (ADMIN_PERMISSION_ID, DESCRIPTION, NAME, PERMISSION_TYPE, IS_FRIENDLY) VALUES (1006,'View City','PERMISSION_CITY_VIEW', 'READ', TRUE);
INSERT INTO BLC_ADMIN_PERMISSION_XREF (ADMIN_PERMISSION_ID, CHILD_PERMISSION_ID) VALUES (1006, 1004);
INSERT INTO BLC_ADMIN_PERMISSION (ADMIN_PERMISSION_ID, DESCRIPTION, NAME, PERMISSION_TYPE, IS_FRIENDLY) VALUES (1007,'Maintain City','PERMISSION_CITY_ALL', 'ALL', TRUE);
INSERT INTO BLC_ADMIN_PERMISSION_XREF (ADMIN_PERMISSION_ID, CHILD_PERMISSION_ID) VALUES (1007, 1005);
                                -- End:- Friendly permissions

                                -- Start:- Add Role Permission XREF to the All Permission
INSERT INTO BLC_ADMIN_ROLE_PERMISSION_XREF (ADMIN_ROLE_ID, ADMIN_PERMISSION_ID) VALUES (-1,1007);
                                -- End:- Add Role Permission XREF to the All Permission


                        -- Start ENTITY(Port) :- Create Admin permissions and entity permissions for your new entity
-- select * from BLC_ADMIN_PERMISSION ORDER BY ADMIN_PERMISSION_ID DESC LIMIT 1; to get the last ID no.
insert into BLC_ADMIN_PERMISSION (ADMIN_PERMISSION_ID, DESCRIPTION, NAME, PERMISSION_TYPE, IS_FRIENDLY) values (1008,'Read Port','PERMISSION_READ_PORT', 'READ', FALSE);
INSERT INTO BLC_ADMIN_PERMISSION (ADMIN_PERMISSION_ID, DESCRIPTION, NAME, PERMISSION_TYPE, IS_FRIENDLY) VALUES (1009,'All Port','PERMISSION_ALL_PORT', 'ALL', FALSE);

-- select * from BLC_ADMIN_PERMISSION_ENTITY ORDER BY ADMIN_PERMISSION_ENTITY_ID  DESC LIMIT 1; to get the last ID no.
INSERT INTO BLC_ADMIN_PERMISSION_ENTITY (ADMIN_PERMISSION_ENTITY_ID, CEILING_ENTITY, ADMIN_PERMISSION_ID) VALUES (1004, 'org.technohaven.core.entities.Port', 1008);
INSERT INTO BLC_ADMIN_PERMISSION_ENTITY (ADMIN_PERMISSION_ENTITY_ID, CEILING_ENTITY, ADMIN_PERMISSION_ID) VALUES (1005, 'org.technohaven.core.entities.Port', 1009);
                        -- End:- Create Admin permissions and entity permissions for your new entity

                                -- Start:- Friendly permissions
-- select * from BLC_ADMIN_PERMISSION ORDER BY ADMIN_PERMISSION_ID DESC LIMIT 1; to get the last ID no.
-- select * from BLC_ADMIN_PERMISSION_XREF ORDER BY CHILD_PERMISSION_ID  DESC LIMIT 1; to get the last ID no.
INSERT INTO BLC_ADMIN_PERMISSION (ADMIN_PERMISSION_ID, DESCRIPTION, NAME, PERMISSION_TYPE, IS_FRIENDLY) VALUES (1010,'View Port','PERMISSION_PORT_VIEW', 'READ', TRUE);
INSERT INTO BLC_ADMIN_PERMISSION_XREF (ADMIN_PERMISSION_ID, CHILD_PERMISSION_ID) VALUES (1010, 1008);
INSERT INTO BLC_ADMIN_PERMISSION (ADMIN_PERMISSION_ID, DESCRIPTION, NAME, PERMISSION_TYPE, IS_FRIENDLY) VALUES (1011,'Maintain Port','PERMISSION_PORT_ALL', 'ALL', TRUE);
INSERT INTO BLC_ADMIN_PERMISSION_XREF (ADMIN_PERMISSION_ID, CHILD_PERMISSION_ID) VALUES (1011, 1009);
                                -- End:- Friendly permissions

                                -- Start:- Add Role Permission XREF to the All Permission
INSERT INTO BLC_ADMIN_ROLE_PERMISSION_XREF (ADMIN_ROLE_ID, ADMIN_PERMISSION_ID) VALUES (-1,1011);
                                -- End:- Add Role Permission XREF to the All Permission

                                 -- Start MODULE :- Create LocationSetup module
-- select * from BLC_ADMIN_MODULE ORDER BY ADMIN_MODULE_ID DESC LIMIT 1; to get the last ID no.
insert into BLC_ADMIN_MODULE (ADMIN_MODULE_ID, NAME, MODULE_KEY, ICON, DISPLAY_ORDER) values (1001, 'Product Configuration','ProductConfiguration', 'blc-icon-content', 1);
                                    -- End:- Create LocationSetup module


                        -- Start ENTITY(Transmission) :- Create Admin permissions and entity permissions for your new entity
-- select * from BLC_ADMIN_PERMISSION ORDER BY ADMIN_PERMISSION_ID DESC LIMIT 1; to get the last ID no.
insert into BLC_ADMIN_PERMISSION (ADMIN_PERMISSION_ID, DESCRIPTION, NAME, PERMISSION_TYPE, IS_FRIENDLY) values (1012,'Read Transmission','PERMISSION_READ_TRANSMISSION', 'READ', FALSE);
INSERT INTO BLC_ADMIN_PERMISSION (ADMIN_PERMISSION_ID, DESCRIPTION, NAME, PERMISSION_TYPE, IS_FRIENDLY) VALUES (1013,'All Transmission','PERMISSION_ALL_TRANSMISSION', 'ALL', FALSE);

-- select * from BLC_ADMIN_PERMISSION_ENTITY ORDER BY ADMIN_PERMISSION_ENTITY_ID  DESC LIMIT 1; to get the last ID no.
INSERT INTO BLC_ADMIN_PERMISSION_ENTITY (ADMIN_PERMISSION_ENTITY_ID, CEILING_ENTITY, ADMIN_PERMISSION_ID) VALUES (1006, 'org.technohaven.core.entities.Transmission', 1012);
INSERT INTO BLC_ADMIN_PERMISSION_ENTITY (ADMIN_PERMISSION_ENTITY_ID, CEILING_ENTITY, ADMIN_PERMISSION_ID) VALUES (1007, 'org.technohaven.core.entities.Transmission', 1013);
                        -- End:- Create Admin permissions and entity permissions for your new entity

                                -- Start:- Friendly permissions
-- select * from BLC_ADMIN_PERMISSION ORDER BY ADMIN_PERMISSION_ID DESC LIMIT 1; to get the last ID no.
-- select * from BLC_ADMIN_PERMISSION_XREF ORDER BY CHILD_PERMISSION_ID  DESC LIMIT 1; to get the last ID no.
INSERT INTO BLC_ADMIN_PERMISSION (ADMIN_PERMISSION_ID, DESCRIPTION, NAME, PERMISSION_TYPE, IS_FRIENDLY) VALUES (1014,'View Transmission','PERMISSION_TRANSMISSION_VIEW', 'READ', TRUE);
INSERT INTO BLC_ADMIN_PERMISSION_XREF (ADMIN_PERMISSION_ID, CHILD_PERMISSION_ID) VALUES (1014, 1012);
INSERT INTO BLC_ADMIN_PERMISSION (ADMIN_PERMISSION_ID, DESCRIPTION, NAME, PERMISSION_TYPE, IS_FRIENDLY) VALUES (1015,'Maintain Transmission','PERMISSION_TRANSMISSION_ALL', 'ALL', TRUE);
INSERT INTO BLC_ADMIN_PERMISSION_XREF (ADMIN_PERMISSION_ID, CHILD_PERMISSION_ID) VALUES (1015, 1013);
                                -- End:- Friendly permissions

                                -- Start:- Add Role Permission XREF to the All Permission
INSERT INTO BLC_ADMIN_ROLE_PERMISSION_XREF (ADMIN_ROLE_ID, ADMIN_PERMISSION_ID) VALUES (-1,1015);
                                -- End:- Add Role Permission XREF to the All Permission


         -- Start ENTITY(Fuel Type) :- Create Admin permissions and entity permissions for your new entity
-- select * from BLC_ADMIN_PERMISSION ORDER BY ADMIN_PERMISSION_ID DESC LIMIT 1; to get the last ID no.
insert into BLC_ADMIN_PERMISSION (ADMIN_PERMISSION_ID, DESCRIPTION, NAME, PERMISSION_TYPE, IS_FRIENDLY) values (1016,'Read Fuel Type','PERMISSION_READ_FUEL_TYPE', 'READ', FALSE);
INSERT INTO BLC_ADMIN_PERMISSION (ADMIN_PERMISSION_ID, DESCRIPTION, NAME, PERMISSION_TYPE, IS_FRIENDLY) VALUES (1017,'All Fuel Type','PERMISSION_ALL_FUEL_TYPE', 'ALL', FALSE);

-- select * from BLC_ADMIN_PERMISSION_ENTITY ORDER BY ADMIN_PERMISSION_ENTITY_ID  DESC LIMIT 1; to get the last ID no.
INSERT INTO BLC_ADMIN_PERMISSION_ENTITY (ADMIN_PERMISSION_ENTITY_ID, CEILING_ENTITY, ADMIN_PERMISSION_ID) VALUES (1008, 'org.technohaven.core.entities.FuelType', 1016);
INSERT INTO BLC_ADMIN_PERMISSION_ENTITY (ADMIN_PERMISSION_ENTITY_ID, CEILING_ENTITY, ADMIN_PERMISSION_ID) VALUES (1009, 'org.technohaven.core.entities.FuelType', 1017);
                        -- End:- Create Admin permissions and entity permissions for your new entity

                                -- Start:- Friendly permissions
-- select * from BLC_ADMIN_PERMISSION ORDER BY ADMIN_PERMISSION_ID DESC LIMIT 1; to get the last ID no.
-- select * from BLC_ADMIN_PERMISSION_XREF ORDER BY CHILD_PERMISSION_ID  DESC LIMIT 1; to get the last ID no.
INSERT INTO BLC_ADMIN_PERMISSION (ADMIN_PERMISSION_ID, DESCRIPTION, NAME, PERMISSION_TYPE, IS_FRIENDLY) VALUES (1018,'View Fuel Type','PERMISSION_FUEL_TYPE_VIEW', 'READ', TRUE);
INSERT INTO BLC_ADMIN_PERMISSION_XREF (ADMIN_PERMISSION_ID, CHILD_PERMISSION_ID) VALUES (1018, 1016);
INSERT INTO BLC_ADMIN_PERMISSION (ADMIN_PERMISSION_ID, DESCRIPTION, NAME, PERMISSION_TYPE, IS_FRIENDLY) VALUES (1019,'Maintain Fuel Type','PERMISSION_FUEL_TYPE_ALL', 'ALL', TRUE);
INSERT INTO BLC_ADMIN_PERMISSION_XREF (ADMIN_PERMISSION_ID, CHILD_PERMISSION_ID) VALUES (1019, 1017);
                                -- End:- Friendly permissions

                                -- Start:- Add Role Permission XREF to the All Permission
INSERT INTO BLC_ADMIN_ROLE_PERMISSION_XREF (ADMIN_ROLE_ID, ADMIN_PERMISSION_ID) VALUES (-1,1019);
                                -- End:- Add Role Permission XREF to the All Permission

         -- Start ENTITY(Color) :- Create Admin permissions and entity permissions for your new entity
-- select * from BLC_ADMIN_PERMISSION ORDER BY ADMIN_PERMISSION_ID DESC LIMIT 1; to get the last ID no.
insert into BLC_ADMIN_PERMISSION (ADMIN_PERMISSION_ID, DESCRIPTION, NAME, PERMISSION_TYPE, IS_FRIENDLY) values (1020,'Read Color','PERMISSION_READ_COLOR', 'READ', FALSE);
INSERT INTO BLC_ADMIN_PERMISSION (ADMIN_PERMISSION_ID, DESCRIPTION, NAME, PERMISSION_TYPE, IS_FRIENDLY) VALUES (1021,'All Color','PERMISSION_ALL_COLOR', 'ALL', FALSE);

-- select * from BLC_ADMIN_PERMISSION_ENTITY ORDER BY ADMIN_PERMISSION_ENTITY_ID  DESC LIMIT 1; to get the last ID no.
INSERT INTO BLC_ADMIN_PERMISSION_ENTITY (ADMIN_PERMISSION_ENTITY_ID, CEILING_ENTITY, ADMIN_PERMISSION_ID) VALUES (1010, 'org.technohaven.core.entities.Color', 1020);
INSERT INTO BLC_ADMIN_PERMISSION_ENTITY (ADMIN_PERMISSION_ENTITY_ID, CEILING_ENTITY, ADMIN_PERMISSION_ID) VALUES (1011, 'org.technohaven.core.entities.Color', 1021);
                        -- End:- Create Admin permissions and entity permissions for your new entity

                                -- Start:- Friendly permissions
-- select * from BLC_ADMIN_PERMISSION ORDER BY ADMIN_PERMISSION_ID DESC LIMIT 1; to get the last ID no.
-- select * from BLC_ADMIN_PERMISSION_XREF ORDER BY CHILD_PERMISSION_ID  DESC LIMIT 1; to get the last ID no.
INSERT INTO BLC_ADMIN_PERMISSION (ADMIN_PERMISSION_ID, DESCRIPTION, NAME, PERMISSION_TYPE, IS_FRIENDLY) VALUES (1022,'View Color','PERMISSION_COLOR_VIEW', 'READ', TRUE);
INSERT INTO BLC_ADMIN_PERMISSION_XREF (ADMIN_PERMISSION_ID, CHILD_PERMISSION_ID) VALUES (1022, 1020);
INSERT INTO BLC_ADMIN_PERMISSION (ADMIN_PERMISSION_ID, DESCRIPTION, NAME, PERMISSION_TYPE, IS_FRIENDLY) VALUES (1023,'Maintain Color','PERMISSION_COLOR_ALL', 'ALL', TRUE);
INSERT INTO BLC_ADMIN_PERMISSION_XREF (ADMIN_PERMISSION_ID, CHILD_PERMISSION_ID) VALUES (1023, 1021);
                                -- End:- Friendly permissions

                                -- Start:- Add Role Permission XREF to the All Permission
INSERT INTO BLC_ADMIN_ROLE_PERMISSION_XREF (ADMIN_ROLE_ID, ADMIN_PERMISSION_ID) VALUES (-1,1023);
                                -- End:- Add Role Permission XREF to the All Permission


                                -- Start MODULE :- Create LocationSetup module
-- select * from BLC_ADMIN_MODULE ORDER BY ADMIN_MODULE_ID DESC LIMIT 1; to get the last ID no.
insert into BLC_ADMIN_MODULE (ADMIN_MODULE_ID, NAME, MODULE_KEY, ICON, DISPLAY_ORDER) values (1002, 'New Module','NewModule', 'fa-usd', 1);
                                    -- End:- Create LocationSetup module

                                    -- Start ENTITY(Profile) :- Create Admin permissions and entity permissions for your new entity
-- select * from BLC_ADMIN_PERMISSION ORDER BY ADMIN_PERMISSION_ID DESC LIMIT 1; to get the last ID no.
insert into BLC_ADMIN_PERMISSION (ADMIN_PERMISSION_ID, DESCRIPTION, NAME, PERMISSION_TYPE, IS_FRIENDLY) values (1024,'Read Profile','PERMISSION_READ_PROFILE', 'READ', FALSE);
INSERT INTO BLC_ADMIN_PERMISSION (ADMIN_PERMISSION_ID, DESCRIPTION, NAME, PERMISSION_TYPE, IS_FRIENDLY) VALUES (1025,'All Profile','PERMISSION_ALL_PROFILE', 'ALL', FALSE);

-- select * from BLC_ADMIN_PERMISSION_ENTITY ORDER BY ADMIN_PERMISSION_ENTITY_ID  DESC LIMIT 1; to get the last ID no.
INSERT INTO BLC_ADMIN_PERMISSION_ENTITY (ADMIN_PERMISSION_ENTITY_ID, CEILING_ENTITY, ADMIN_PERMISSION_ID) VALUES (1012, 'org.technohaven.core.entities.Profile', 1024);
INSERT INTO BLC_ADMIN_PERMISSION_ENTITY (ADMIN_PERMISSION_ENTITY_ID, CEILING_ENTITY, ADMIN_PERMISSION_ID) VALUES (1013, 'org.technohaven.core.entities.Profile', 1025);
                        -- End:- Create Admin permissions and entity permissions for your new entity

                                -- Start:- Friendly permissions
-- select * from BLC_ADMIN_PERMISSION ORDER BY ADMIN_PERMISSION_ID DESC LIMIT 1; to get the last ID no.
-- select * from BLC_ADMIN_PERMISSION_XREF ORDER BY CHILD_PERMISSION_ID  DESC LIMIT 1; to get the last ID no.
INSERT INTO BLC_ADMIN_PERMISSION (ADMIN_PERMISSION_ID, DESCRIPTION, NAME, PERMISSION_TYPE, IS_FRIENDLY) VALUES (1026,'View Profile','PERMISSION_PROFILE_VIEW', 'READ', TRUE);
INSERT INTO BLC_ADMIN_PERMISSION_XREF (ADMIN_PERMISSION_ID, CHILD_PERMISSION_ID) VALUES (1026, 1024);
INSERT INTO BLC_ADMIN_PERMISSION (ADMIN_PERMISSION_ID, DESCRIPTION, NAME, PERMISSION_TYPE, IS_FRIENDLY) VALUES (1027,'Maintain Profile','PERMISSION_PROFILE_ALL', 'ALL', TRUE);
INSERT INTO BLC_ADMIN_PERMISSION_XREF (ADMIN_PERMISSION_ID, CHILD_PERMISSION_ID) VALUES (1027, 1025);
                                -- End:- Friendly permissions

                                -- Start:- Add Role Permission XREF to the All Permission
INSERT INTO BLC_ADMIN_ROLE_PERMISSION_XREF (ADMIN_ROLE_ID, ADMIN_PERMISSION_ID) VALUES (-1,1027);
                                -- End:- Add Role Permission XREF to the All Permission

                                -- Start ENTITY(Showroom) :- Create Admin permissions and entity permissions for your new entity
-- select * from BLC_ADMIN_PERMISSION ORDER BY ADMIN_PERMISSION_ID DESC LIMIT 1; to get the last ID no.
INSERT INTO BLC_ADMIN_PERMISSION (ADMIN_PERMISSION_ID, DESCRIPTION, NAME, PERMISSION_TYPE, IS_FRIENDLY) values (1028,'Read Showroom','PERMISSION_READ_SHOWROOM', 'READ', FALSE);
INSERT INTO BLC_ADMIN_PERMISSION (ADMIN_PERMISSION_ID, DESCRIPTION, NAME, PERMISSION_TYPE, IS_FRIENDLY) VALUES (1029,'All Showroom','PERMISSION_ALL_SHOWROOM', 'ALL', FALSE);

-- select * from BLC_ADMIN_PERMISSION_ENTITY ORDER BY ADMIN_PERMISSION_ENTITY_ID  DESC LIMIT 1; to get the last ID no.
INSERT INTO BLC_ADMIN_PERMISSION_ENTITY (ADMIN_PERMISSION_ENTITY_ID, CEILING_ENTITY, ADMIN_PERMISSION_ID) VALUES (1014, 'org.technohaven.core.entities.Showroom', 1028);
INSERT INTO BLC_ADMIN_PERMISSION_ENTITY (ADMIN_PERMISSION_ENTITY_ID, CEILING_ENTITY, ADMIN_PERMISSION_ID) VALUES (1015, 'org.technohaven.core.entities.Showroom', 1029);
                        -- End:- Create Admin permissions and entity permissions for your new entity

                                -- Start:- Friendly permissions
-- select * from BLC_ADMIN_PERMISSION ORDER BY ADMIN_PERMISSION_ID DESC LIMIT 1; to get the last ID no.
-- select * from BLC_ADMIN_PERMISSION_XREF ORDER BY CHILD_PERMISSION_ID  DESC LIMIT 1; to get the last ID no.
INSERT INTO BLC_ADMIN_PERMISSION (ADMIN_PERMISSION_ID, DESCRIPTION, NAME, PERMISSION_TYPE, IS_FRIENDLY) VALUES (1030,'View Showroom','PERMISSION_SHOWROOM_VIEW', 'READ', TRUE);
INSERT INTO BLC_ADMIN_PERMISSION_XREF (ADMIN_PERMISSION_ID, CHILD_PERMISSION_ID) VALUES (1030, 1028);
INSERT INTO BLC_ADMIN_PERMISSION (ADMIN_PERMISSION_ID, DESCRIPTION, NAME, PERMISSION_TYPE, IS_FRIENDLY) VALUES (1031,'Maintain Showroom','PERMISSION_SHOWROOM_ALL', 'ALL', TRUE);
INSERT INTO BLC_ADMIN_PERMISSION_XREF (ADMIN_PERMISSION_ID, CHILD_PERMISSION_ID) VALUES (1031, 1029);
                                -- End:- Friendly permissions

                                -- Start:- Add Role Permission XREF to the All Permission
INSERT INTO BLC_ADMIN_ROLE_PERMISSION_XREF (ADMIN_ROLE_ID, ADMIN_PERMISSION_ID) VALUES (-1,1031);
                                -- End:- Add Role Permission XREF to the All Permission

