                                    -- Start MODULE :- Create LocationSetup module
-- select * from BLC_ADMIN_MODULE ORDER BY ADMIN_MODULE_ID DESC LIMIT 1; to get the last ID no.
INSERT INTO BLC_ADMIN_MODULE (ADMIN_MODULE_ID, NAME, MODULE_KEY, ICON, DISPLAY_ORDER) values (1000, 'Location Setup','LocationSetup', 'blc-icon-customer-care', 1);
                                    -- End:- Create LocationSetup module

                        -- Start ENTITY(District) :- Create Admin permissions and entity permissions for your new entity
-- select * from BLC_ADMIN_PERMISSION ORDER BY ADMIN_PERMISSION_ID DESC LIMIT 1; to get the last ID no.
INSERT INTO BLC_ADMIN_PERMISSION (ADMIN_PERMISSION_ID, DESCRIPTION, NAME, PERMISSION_TYPE, IS_FRIENDLY) values (1000,'Read District','PERMISSION_READ_DISTRICT', 'READ', FALSE);
INSERT INTO BLC_ADMIN_PERMISSION (ADMIN_PERMISSION_ID, DESCRIPTION, NAME, PERMISSION_TYPE, IS_FRIENDLY) VALUES (1001,'All District','PERMISSION_ALL_DISTRICT', 'ALL', FALSE);

-- select * from BLC_ADMIN_PERMISSION_ENTITY ORDER BY ADMIN_PERMISSION_ENTITY_ID  DESC LIMIT 1; to get the last ID no.
INSERT INTO BLC_ADMIN_PERMISSION_ENTITY (ADMIN_PERMISSION_ENTITY_ID, CEILING_ENTITY, ADMIN_PERMISSION_ID) VALUES (1000, 'org.technohaven.core.entities.District', 1000);
INSERT INTO BLC_ADMIN_PERMISSION_ENTITY (ADMIN_PERMISSION_ENTITY_ID, CEILING_ENTITY, ADMIN_PERMISSION_ID) VALUES (1001, 'org.technohaven.core.entities.District', 1001);
                        -- End:- Create Admin permissions and entity permissions for your new entity

                                -- Start:- Friendly permissions
-- select * from BLC_ADMIN_PERMISSION ORDER BY ADMIN_PERMISSION_ID DESC LIMIT 1; to get the last ID no.
-- select * from BLC_ADMIN_PERMISSION_XREF ORDER BY CHILD_PERMISSION_ID  DESC LIMIT 1; to get the last ID no.
INSERT INTO BLC_ADMIN_PERMISSION (ADMIN_PERMISSION_ID, DESCRIPTION, NAME, PERMISSION_TYPE, IS_FRIENDLY) VALUES (1002,'View District','PERMISSION_DISTRICT_VIEW', 'READ', TRUE);
INSERT INTO BLC_ADMIN_PERMISSION_XREF (ADMIN_PERMISSION_ID, CHILD_PERMISSION_ID) VALUES (1002, 1000);
INSERT INTO BLC_ADMIN_PERMISSION (ADMIN_PERMISSION_ID, DESCRIPTION, NAME, PERMISSION_TYPE, IS_FRIENDLY) VALUES (1003,'Maintain District','PERMISSION_DISTRICT_ALL', 'ALL', TRUE);
INSERT INTO BLC_ADMIN_PERMISSION_XREF (ADMIN_PERMISSION_ID, CHILD_PERMISSION_ID) VALUES (1003, 1001);
                                -- End:- Friendly permissions

                                -- Start:- Add Role Permission XREF to the All Permission
INSERT INTO BLC_ADMIN_ROLE_PERMISSION_XREF (ADMIN_ROLE_ID, ADMIN_PERMISSION_ID) VALUES (-1,1003);
                                -- End:- Add Role Permission XREF to the All Permission

                        -- Start ENTITY(City) :- Create Admin permissions and entity permissions for your new entity
-- select * from BLC_ADMIN_PERMISSION ORDER BY ADMIN_PERMISSION_ID DESC LIMIT 1; to get the last ID no.
INSERT INTO BLC_ADMIN_PERMISSION (ADMIN_PERMISSION_ID, DESCRIPTION, NAME, PERMISSION_TYPE, IS_FRIENDLY) values (1004,'Read City','PERMISSION_READ_CITY', 'READ', FALSE);
INSERT INTO BLC_ADMIN_PERMISSION (ADMIN_PERMISSION_ID, DESCRIPTION, NAME, PERMISSION_TYPE, IS_FRIENDLY) VALUES (1005,'All City','PERMISSION_ALL_CITY', 'ALL', FALSE);

-- select * from BLC_ADMIN_PERMISSION_ENTITY ORDER BY ADMIN_PERMISSION_ENTITY_ID  DESC LIMIT 1; to get the last ID no.
INSERT INTO BLC_ADMIN_PERMISSION_ENTITY (ADMIN_PERMISSION_ENTITY_ID, CEILING_ENTITY, ADMIN_PERMISSION_ID) VALUES (1002, 'org.technohaven.core.entities.City', 1004);
INSERT INTO BLC_ADMIN_PERMISSION_ENTITY (ADMIN_PERMISSION_ENTITY_ID, CEILING_ENTITY, ADMIN_PERMISSION_ID) VALUES (1003, 'org.technohaven.core.entities.City', 1005);
                        -- End:- Create Admin permissions and entity permissions for your new entity

                                -- Start:- Friendly permissions
-- select * from BLC_ADMIN_PERMISSION ORDER BY ADMIN_PERMISSION_ID DESC LIMIT 1; to get the last ID no.
-- select * from BLC_ADMIN_PERMISSION_XREF ORDER BY CHILD_PERMISSION_ID  DESC LIMIT 1; to get the last ID no.
INSERT INTO BLC_ADMIN_PERMISSION (ADMIN_PERMISSION_ID, DESCRIPTION, NAME, PERMISSION_TYPE, IS_FRIENDLY) VALUES (1006,'View City','PERMISSION_CITY_VIEW', 'READ', TRUE);
INSERT INTO BLC_ADMIN_PERMISSION_XREF (ADMIN_PERMISSION_ID, CHILD_PERMISSION_ID) VALUES (1006, 1004);
INSERT INTO BLC_ADMIN_PERMISSION (ADMIN_PERMISSION_ID, DESCRIPTION, NAME, PERMISSION_TYPE, IS_FRIENDLY) VALUES (1007,'Maintain City','PERMISSION_CITY_ALL', 'ALL', TRUE);
INSERT INTO BLC_ADMIN_PERMISSION_XREF (ADMIN_PERMISSION_ID, CHILD_PERMISSION_ID) VALUES (1007, 1005);
                                -- End:- Friendly permissions

                                -- Start:- Add Role Permission XREF to the All Permission
INSERT INTO BLC_ADMIN_ROLE_PERMISSION_XREF (ADMIN_ROLE_ID, ADMIN_PERMISSION_ID) VALUES (-1,1007);
                                -- End:- Add Role Permission XREF to the All Permission


                        -- Start ENTITY(Port) :- Create Admin permissions and entity permissions for your new entity
-- select * from BLC_ADMIN_PERMISSION ORDER BY ADMIN_PERMISSION_ID DESC LIMIT 1; to get the last ID no.
INSERT INTO BLC_ADMIN_PERMISSION (ADMIN_PERMISSION_ID, DESCRIPTION, NAME, PERMISSION_TYPE, IS_FRIENDLY) values (1008,'Read Port','PERMISSION_READ_PORT', 'READ', FALSE);
INSERT INTO BLC_ADMIN_PERMISSION (ADMIN_PERMISSION_ID, DESCRIPTION, NAME, PERMISSION_TYPE, IS_FRIENDLY) VALUES (1009,'All Port','PERMISSION_ALL_PORT', 'ALL', FALSE);

-- select * from BLC_ADMIN_PERMISSION_ENTITY ORDER BY ADMIN_PERMISSION_ENTITY_ID  DESC LIMIT 1; to get the last ID no.
INSERT INTO BLC_ADMIN_PERMISSION_ENTITY (ADMIN_PERMISSION_ENTITY_ID, CEILING_ENTITY, ADMIN_PERMISSION_ID) VALUES (1004, 'org.technohaven.core.entities.Port', 1008);
INSERT INTO BLC_ADMIN_PERMISSION_ENTITY (ADMIN_PERMISSION_ENTITY_ID, CEILING_ENTITY, ADMIN_PERMISSION_ID) VALUES (1005, 'org.technohaven.core.entities.Port', 1009);
                        -- End:- Create Admin permissions and entity permissions for your new entity

                                -- Start:- Friendly permissions
-- select * from BLC_ADMIN_PERMISSION ORDER BY ADMIN_PERMISSION_ID DESC LIMIT 1; to get the last ID no.
-- select * from BLC_ADMIN_PERMISSION_XREF ORDER BY CHILD_PERMISSION_ID  DESC LIMIT 1; to get the last ID no.
INSERT INTO BLC_ADMIN_PERMISSION (ADMIN_PERMISSION_ID, DESCRIPTION, NAME, PERMISSION_TYPE, IS_FRIENDLY) VALUES (1010,'View Port','PERMISSION_PORT_VIEW', 'READ', TRUE);
INSERT INTO BLC_ADMIN_PERMISSION_XREF (ADMIN_PERMISSION_ID, CHILD_PERMISSION_ID) VALUES (1010, 1008);
INSERT INTO BLC_ADMIN_PERMISSION (ADMIN_PERMISSION_ID, DESCRIPTION, NAME, PERMISSION_TYPE, IS_FRIENDLY) VALUES (1011,'Maintain Port','PERMISSION_PORT_ALL', 'ALL', TRUE);
INSERT INTO BLC_ADMIN_PERMISSION_XREF (ADMIN_PERMISSION_ID, CHILD_PERMISSION_ID) VALUES (1011, 1009);
                                -- End:- Friendly permissions

                                -- Start:- Add Role Permission XREF to the All Permission
INSERT INTO BLC_ADMIN_ROLE_PERMISSION_XREF (ADMIN_ROLE_ID, ADMIN_PERMISSION_ID) VALUES (-1,1011);
                                -- End:- Add Role Permission XREF to the All Permission

                                 -- Start MODULE :- Create LocationSetup module
-- select * from BLC_ADMIN_MODULE ORDER BY ADMIN_MODULE_ID DESC LIMIT 1; to get the last ID no.
INSERT INTO BLC_ADMIN_MODULE (ADMIN_MODULE_ID, NAME, MODULE_KEY, ICON, DISPLAY_ORDER) values (1001, 'Product Configuration','ProductConfiguration', 'blc-icon-content', 1);
                                    -- End:- Create LocationSetup module


                        -- Start ENTITY(Transmission) :- Create Admin permissions and entity permissions for your new entity
-- select * from BLC_ADMIN_PERMISSION ORDER BY ADMIN_PERMISSION_ID DESC LIMIT 1; to get the last ID no.
INSERT INTO BLC_ADMIN_PERMISSION (ADMIN_PERMISSION_ID, DESCRIPTION, NAME, PERMISSION_TYPE, IS_FRIENDLY) values (1012,'Read Transmission','PERMISSION_READ_TRANSMISSION', 'READ', FALSE);
INSERT INTO BLC_ADMIN_PERMISSION (ADMIN_PERMISSION_ID, DESCRIPTION, NAME, PERMISSION_TYPE, IS_FRIENDLY) VALUES (1013,'All Transmission','PERMISSION_ALL_TRANSMISSION', 'ALL', FALSE);

-- select * from BLC_ADMIN_PERMISSION_ENTITY ORDER BY ADMIN_PERMISSION_ENTITY_ID  DESC LIMIT 1; to get the last ID no.
INSERT INTO BLC_ADMIN_PERMISSION_ENTITY (ADMIN_PERMISSION_ENTITY_ID, CEILING_ENTITY, ADMIN_PERMISSION_ID) VALUES (1006, 'org.technohaven.core.entities.Transmission', 1012);
INSERT INTO BLC_ADMIN_PERMISSION_ENTITY (ADMIN_PERMISSION_ENTITY_ID, CEILING_ENTITY, ADMIN_PERMISSION_ID) VALUES (1007, 'org.technohaven.core.entities.Transmission', 1013);
                        -- End:- Create Admin permissions and entity permissions for your new entity

                                -- Start:- Friendly permissions
-- select * from BLC_ADMIN_PERMISSION ORDER BY ADMIN_PERMISSION_ID DESC LIMIT 1; to get the last ID no.
-- select * from BLC_ADMIN_PERMISSION_XREF ORDER BY CHILD_PERMISSION_ID  DESC LIMIT 1; to get the last ID no.
INSERT INTO BLC_ADMIN_PERMISSION (ADMIN_PERMISSION_ID, DESCRIPTION, NAME, PERMISSION_TYPE, IS_FRIENDLY) VALUES (1014,'View Transmission','PERMISSION_TRANSMISSION_VIEW', 'READ', TRUE);
INSERT INTO BLC_ADMIN_PERMISSION_XREF (ADMIN_PERMISSION_ID, CHILD_PERMISSION_ID) VALUES (1014, 1012);
INSERT INTO BLC_ADMIN_PERMISSION (ADMIN_PERMISSION_ID, DESCRIPTION, NAME, PERMISSION_TYPE, IS_FRIENDLY) VALUES (1015,'Maintain Transmission','PERMISSION_TRANSMISSION_ALL', 'ALL', TRUE);
INSERT INTO BLC_ADMIN_PERMISSION_XREF (ADMIN_PERMISSION_ID, CHILD_PERMISSION_ID) VALUES (1015, 1013);
                                -- End:- Friendly permissions

                                -- Start:- Add Role Permission XREF to the All Permission
INSERT INTO BLC_ADMIN_ROLE_PERMISSION_XREF (ADMIN_ROLE_ID, ADMIN_PERMISSION_ID) VALUES (-1,1015);
                                -- End:- Add Role Permission XREF to the All Permission


         -- Start ENTITY(Fuel Type) :- Create Admin permissions and entity permissions for your new entity
-- select * from BLC_ADMIN_PERMISSION ORDER BY ADMIN_PERMISSION_ID DESC LIMIT 1; to get the last ID no.
INSERT INTO BLC_ADMIN_PERMISSION (ADMIN_PERMISSION_ID, DESCRIPTION, NAME, PERMISSION_TYPE, IS_FRIENDLY) values (1016,'Read Fuel Type','PERMISSION_READ_FUEL_TYPE', 'READ', FALSE);
INSERT INTO BLC_ADMIN_PERMISSION (ADMIN_PERMISSION_ID, DESCRIPTION, NAME, PERMISSION_TYPE, IS_FRIENDLY) VALUES (1017,'All Fuel Type','PERMISSION_ALL_FUEL_TYPE', 'ALL', FALSE);

-- select * from BLC_ADMIN_PERMISSION_ENTITY ORDER BY ADMIN_PERMISSION_ENTITY_ID  DESC LIMIT 1; to get the last ID no.
INSERT INTO BLC_ADMIN_PERMISSION_ENTITY (ADMIN_PERMISSION_ENTITY_ID, CEILING_ENTITY, ADMIN_PERMISSION_ID) VALUES (1008, 'org.technohaven.core.entities.FuelType', 1016);
INSERT INTO BLC_ADMIN_PERMISSION_ENTITY (ADMIN_PERMISSION_ENTITY_ID, CEILING_ENTITY, ADMIN_PERMISSION_ID) VALUES (1009, 'org.technohaven.core.entities.FuelType', 1017);
                        -- End:- Create Admin permissions and entity permissions for your new entity

                                -- Start:- Friendly permissions
-- select * from BLC_ADMIN_PERMISSION ORDER BY ADMIN_PERMISSION_ID DESC LIMIT 1; to get the last ID no.
-- select * from BLC_ADMIN_PERMISSION_XREF ORDER BY CHILD_PERMISSION_ID  DESC LIMIT 1; to get the last ID no.
INSERT INTO BLC_ADMIN_PERMISSION (ADMIN_PERMISSION_ID, DESCRIPTION, NAME, PERMISSION_TYPE, IS_FRIENDLY) VALUES (1018,'View Fuel Type','PERMISSION_FUEL_TYPE_VIEW', 'READ', TRUE);
INSERT INTO BLC_ADMIN_PERMISSION_XREF (ADMIN_PERMISSION_ID, CHILD_PERMISSION_ID) VALUES (1018, 1016);
INSERT INTO BLC_ADMIN_PERMISSION (ADMIN_PERMISSION_ID, DESCRIPTION, NAME, PERMISSION_TYPE, IS_FRIENDLY) VALUES (1019,'Maintain Fuel Type','PERMISSION_FUEL_TYPE_ALL', 'ALL', TRUE);
INSERT INTO BLC_ADMIN_PERMISSION_XREF (ADMIN_PERMISSION_ID, CHILD_PERMISSION_ID) VALUES (1019, 1017);
                                -- End:- Friendly permissions

                                -- Start:- Add Role Permission XREF to the All Permission
INSERT INTO BLC_ADMIN_ROLE_PERMISSION_XREF (ADMIN_ROLE_ID, ADMIN_PERMISSION_ID) VALUES (-1,1019);
                                -- End:- Add Role Permission XREF to the All Permission

         -- Start ENTITY(Color) :- Create Admin permissions and entity permissions for your new entity
-- select * from BLC_ADMIN_PERMISSION ORDER BY ADMIN_PERMISSION_ID DESC LIMIT 1; to get the last ID no.
INSERT INTO BLC_ADMIN_PERMISSION (ADMIN_PERMISSION_ID, DESCRIPTION, NAME, PERMISSION_TYPE, IS_FRIENDLY) values (1020,'Read Color','PERMISSION_READ_COLOR', 'READ', FALSE);
INSERT INTO BLC_ADMIN_PERMISSION (ADMIN_PERMISSION_ID, DESCRIPTION, NAME, PERMISSION_TYPE, IS_FRIENDLY) VALUES (1021,'All Color','PERMISSION_ALL_COLOR', 'ALL', FALSE);

-- select * from BLC_ADMIN_PERMISSION_ENTITY ORDER BY ADMIN_PERMISSION_ENTITY_ID  DESC LIMIT 1; to get the last ID no.
INSERT INTO BLC_ADMIN_PERMISSION_ENTITY (ADMIN_PERMISSION_ENTITY_ID, CEILING_ENTITY, ADMIN_PERMISSION_ID) VALUES (1010, 'org.technohaven.core.entities.Color', 1020);
INSERT INTO BLC_ADMIN_PERMISSION_ENTITY (ADMIN_PERMISSION_ENTITY_ID, CEILING_ENTITY, ADMIN_PERMISSION_ID) VALUES (1011, 'org.technohaven.core.entities.Color', 1021);
                        -- End:- Create Admin permissions and entity permissions for your new entity

                                -- Start:- Friendly permissions
-- select * from BLC_ADMIN_PERMISSION ORDER BY ADMIN_PERMISSION_ID DESC LIMIT 1; to get the last ID no.
-- select * from BLC_ADMIN_PERMISSION_XREF ORDER BY CHILD_PERMISSION_ID  DESC LIMIT 1; to get the last ID no.
INSERT INTO BLC_ADMIN_PERMISSION (ADMIN_PERMISSION_ID, DESCRIPTION, NAME, PERMISSION_TYPE, IS_FRIENDLY) VALUES (1022,'View Color','PERMISSION_COLOR_VIEW', 'READ', TRUE);
INSERT INTO BLC_ADMIN_PERMISSION_XREF (ADMIN_PERMISSION_ID, CHILD_PERMISSION_ID) VALUES (1022, 1020);
INSERT INTO BLC_ADMIN_PERMISSION (ADMIN_PERMISSION_ID, DESCRIPTION, NAME, PERMISSION_TYPE, IS_FRIENDLY) VALUES (1023,'Maintain Color','PERMISSION_COLOR_ALL', 'ALL', TRUE);
INSERT INTO BLC_ADMIN_PERMISSION_XREF (ADMIN_PERMISSION_ID, CHILD_PERMISSION_ID) VALUES (1023, 1021);
                                -- End:- Friendly permissions

                                -- Start:- Add Role Permission XREF to the All Permission
INSERT INTO BLC_ADMIN_ROLE_PERMISSION_XREF (ADMIN_ROLE_ID, ADMIN_PERMISSION_ID) VALUES (-1,1023);
                                -- End:- Add Role Permission XREF to the All Permission


                                -- Start MODULE :- Create LocationSetup module
# To get the last ID no.
-- select * from BLC_ADMIN_MODULE ORDER BY ADMIN_MODULE_ID DESC LIMIT 1;

INSERT INTO BLC_ADMIN_MODULE (ADMIN_MODULE_ID, NAME, MODULE_KEY, ICON, DISPLAY_ORDER) values (1002, 'New Module','NewModule', 'fa-usd', 1);
                                    -- End:- Create LocationSetup module

                                    -- Start ENTITY(Profile) :- Create Admin permissions and entity permissions for your new entity
-- select * from BLC_ADMIN_PERMISSION ORDER BY ADMIN_PERMISSION_ID DESC LIMIT 1; to get the last ID no.
INSERT INTO BLC_ADMIN_PERMISSION (ADMIN_PERMISSION_ID, DESCRIPTION, NAME, PERMISSION_TYPE, IS_FRIENDLY) values (1024,'Read Profile','PERMISSION_READ_PROFILE', 'READ', FALSE);
INSERT INTO BLC_ADMIN_PERMISSION (ADMIN_PERMISSION_ID, DESCRIPTION, NAME, PERMISSION_TYPE, IS_FRIENDLY) VALUES (1025,'All Profile','PERMISSION_ALL_PROFILE', 'ALL', FALSE);

-- select * from BLC_ADMIN_PERMISSION_ENTITY ORDER BY ADMIN_PERMISSION_ENTITY_ID  DESC LIMIT 1; to get the last ID no.
INSERT INTO BLC_ADMIN_PERMISSION_ENTITY (ADMIN_PERMISSION_ENTITY_ID, CEILING_ENTITY, ADMIN_PERMISSION_ID) VALUES (1012, 'org.technohaven.core.entities.Profile', 1024);
INSERT INTO BLC_ADMIN_PERMISSION_ENTITY (ADMIN_PERMISSION_ENTITY_ID, CEILING_ENTITY, ADMIN_PERMISSION_ID) VALUES (1013, 'org.technohaven.core.entities.Profile', 1025);
                        -- End:- Create Admin permissions and entity permissions for your new entity

                                -- Start:- Friendly permissions
-- select * from BLC_ADMIN_PERMISSION ORDER BY ADMIN_PERMISSION_ID DESC LIMIT 1; to get the last ID no.
-- select * from BLC_ADMIN_PERMISSION_XREF ORDER BY CHILD_PERMISSION_ID  DESC LIMIT 1; to get the last ID no.
INSERT INTO BLC_ADMIN_PERMISSION (ADMIN_PERMISSION_ID, DESCRIPTION, NAME, PERMISSION_TYPE, IS_FRIENDLY) VALUES (1026,'View Profile','PERMISSION_PROFILE_VIEW', 'READ', TRUE);
INSERT INTO BLC_ADMIN_PERMISSION_XREF (ADMIN_PERMISSION_ID, CHILD_PERMISSION_ID) VALUES (1026, 1024);
INSERT INTO BLC_ADMIN_PERMISSION (ADMIN_PERMISSION_ID, DESCRIPTION, NAME, PERMISSION_TYPE, IS_FRIENDLY) VALUES (1027,'Maintain Profile','PERMISSION_PROFILE_ALL', 'ALL', TRUE);
INSERT INTO BLC_ADMIN_PERMISSION_XREF (ADMIN_PERMISSION_ID, CHILD_PERMISSION_ID) VALUES (1027, 1025);
                                -- End:- Friendly permissions

                                -- Start:- Add Role Permission XREF to the All Permission
INSERT INTO BLC_ADMIN_ROLE_PERMISSION_XREF (ADMIN_ROLE_ID, ADMIN_PERMISSION_ID) VALUES (-1,1027);
                                -- End:- Add Role Permission XREF to the All Permission

                                -- Start ENTITY(Showroom) :- Create Admin permissions and entity permissions for your new entity
-- select * from BLC_ADMIN_PERMISSION ORDER BY ADMIN_PERMISSION_ID DESC LIMIT 1; to get the last ID no.
INSERT INTO BLC_ADMIN_PERMISSION (ADMIN_PERMISSION_ID, DESCRIPTION, NAME, PERMISSION_TYPE, IS_FRIENDLY) values (1028,'Read Showroom','PERMISSION_READ_SHOWROOM', 'READ', FALSE);
INSERT INTO BLC_ADMIN_PERMISSION (ADMIN_PERMISSION_ID, DESCRIPTION, NAME, PERMISSION_TYPE, IS_FRIENDLY) VALUES (1029,'All Showroom','PERMISSION_ALL_SHOWROOM', 'ALL', FALSE);

-- select * from BLC_ADMIN_PERMISSION_ENTITY ORDER BY ADMIN_PERMISSION_ENTITY_ID  DESC LIMIT 1; to get the last ID no.
INSERT INTO BLC_ADMIN_PERMISSION_ENTITY (ADMIN_PERMISSION_ENTITY_ID, CEILING_ENTITY, ADMIN_PERMISSION_ID) VALUES (1014, 'org.technohaven.core.entities.Showroom', 1028);
INSERT INTO BLC_ADMIN_PERMISSION_ENTITY (ADMIN_PERMISSION_ENTITY_ID, CEILING_ENTITY, ADMIN_PERMISSION_ID) VALUES (1015, 'org.technohaven.core.entities.Showroom', 1029);
                        -- End:- Create Admin permissions and entity permissions for your new entity

                                -- Start:- Friendly permissions
-- select * from BLC_ADMIN_PERMISSION ORDER BY ADMIN_PERMISSION_ID DESC LIMIT 1; to get the last ID no.
-- select * from BLC_ADMIN_PERMISSION_XREF ORDER BY CHILD_PERMISSION_ID  DESC LIMIT 1; to get the last ID no.
INSERT INTO BLC_ADMIN_PERMISSION (ADMIN_PERMISSION_ID, DESCRIPTION, NAME, PERMISSION_TYPE, IS_FRIENDLY) VALUES (1030,'View Showroom','PERMISSION_SHOWROOM_VIEW', 'READ', TRUE);
INSERT INTO BLC_ADMIN_PERMISSION_XREF (ADMIN_PERMISSION_ID, CHILD_PERMISSION_ID) VALUES (1030, 1028);
INSERT INTO BLC_ADMIN_PERMISSION (ADMIN_PERMISSION_ID, DESCRIPTION, NAME, PERMISSION_TYPE, IS_FRIENDLY) VALUES (1031,'Maintain Showroom','PERMISSION_SHOWROOM_ALL', 'ALL', TRUE);
INSERT INTO BLC_ADMIN_PERMISSION_XREF (ADMIN_PERMISSION_ID, CHILD_PERMISSION_ID) VALUES (1031, 1029);
                                -- End:- Friendly permissions

                                -- Start:- Add Role Permission XREF to the All Permission
INSERT INTO BLC_ADMIN_ROLE_PERMISSION_XREF (ADMIN_ROLE_ID, ADMIN_PERMISSION_ID) VALUES (-1,1031);
                                -- End:- Add Role Permission XREF to the All Permission



                               -- 25-05-2022 parves ahmed moon start

                          -- Start MODULE :- Create Vehicle module

# To get the last ID no.
-- select * from BLC_ADMIN_MODULE ORDER BY ADMIN_MODULE_ID DESC LIMIT 1;
INSERT INTO BLC_ADMIN_MODULE (ADMIN_MODULE_ID, NAME, MODULE_KEY, ICON, DISPLAY_ORDER) values (1003, 'Vehicle Set Up', 'VehicleSetUp', 'fa fa-car', 1);
                          -- End:- Create LocationSetup module

                          -- Start ENTITY(Profile) :- Create Admin permissions and entity permissions for your new entity

-- To get the last ID no.
-- select * from BLC_ADMIN_PERMISSION ORDER BY ADMIN_PERMISSION_ID DESC LIMIT 1;

INSERT INTO BLC_ADMIN_PERMISSION (ADMIN_PERMISSION_ID, DESCRIPTION, NAME, PERMISSION_TYPE, IS_FRIENDLY) values (1032,'Read Brand','PERMISSION_READ_BRAND', 'READ', FALSE);
INSERT INTO BLC_ADMIN_PERMISSION (ADMIN_PERMISSION_ID, DESCRIPTION, NAME, PERMISSION_TYPE, IS_FRIENDLY) VALUES (1033,'All Brand','PERMISSION_ALL_BRAND', 'ALL', FALSE);

-- to get the last ID no.
-- select * from BLC_ADMIN_PERMISSION_ENTITY ORDER BY ADMIN_PERMISSION_ENTITY_ID  DESC LIMIT 1;
INSERT INTO BLC_ADMIN_PERMISSION_ENTITY (ADMIN_PERMISSION_ENTITY_ID, CEILING_ENTITY, ADMIN_PERMISSION_ID) VALUES (1016, 'org.technohaven.core.entities.Brand', 1032);
INSERT INTO BLC_ADMIN_PERMISSION_ENTITY (ADMIN_PERMISSION_ENTITY_ID, CEILING_ENTITY, ADMIN_PERMISSION_ID) VALUES (1017, 'org.technohaven.core.entities.Brand', 1033);

                        -- End:- Create Admin permissions and entity permissions for your new entity


                        -- Start:- Friendly permissions
-- select * from BLC_ADMIN_PERMISSION ORDER BY ADMIN_PERMISSION_ID DESC LIMIT 1;
-- select * from BLC_ADMIN_PERMISSION_XREF ORDER BY CHILD_PERMISSION_ID  DESC LIMIT 1; to get the last ID no.
INSERT INTO BLC_ADMIN_PERMISSION (ADMIN_PERMISSION_ID, DESCRIPTION, NAME, PERMISSION_TYPE, IS_FRIENDLY) VALUES (1034,'View Brand','PERMISSION_BRAND_VIEW', 'READ', TRUE);
INSERT INTO BLC_ADMIN_PERMISSION_XREF (ADMIN_PERMISSION_ID, CHILD_PERMISSION_ID) VALUES (1034, 1032);
INSERT INTO BLC_ADMIN_PERMISSION (ADMIN_PERMISSION_ID, DESCRIPTION, NAME, PERMISSION_TYPE, IS_FRIENDLY) VALUES (1035,'Maintain Brand','PERMISSION_BRAND_ALL', 'ALL', TRUE);
INSERT INTO BLC_ADMIN_PERMISSION_XREF (ADMIN_PERMISSION_ID, CHILD_PERMISSION_ID) VALUES (1035, 1033);
                       -- End:- Friendly permissions

                       -- Start:- Add Role Permission XREF to the All Permission
INSERT INTO BLC_ADMIN_ROLE_PERMISSION_XREF (ADMIN_ROLE_ID, ADMIN_PERMISSION_ID) VALUES (-1,1035);
                       -- End:- Add Role Permission XREF to the All Permission

                       -- 25-05-2022 parves ahmed moon End



                      -- 26-05-2022 parves ahmed moon start


-- Start ENTITY(Profile) :- Create Admin permissions and entity permissions for your new entity

-- To get the last ID no.
-- select * from BLC_ADMIN_PERMISSION ORDER BY ADMIN_PERMISSION_ID DESC LIMIT 1;

INSERT INTO BLC_ADMIN_PERMISSION (ADMIN_PERMISSION_ID, DESCRIPTION, NAME, PERMISSION_TYPE, IS_FRIENDLY) values (1036,'Read Model','PERMISSION_READ_MODEL', 'READ', FALSE);
INSERT INTO BLC_ADMIN_PERMISSION (ADMIN_PERMISSION_ID, DESCRIPTION, NAME, PERMISSION_TYPE, IS_FRIENDLY) VALUES (1037,'All Model','PERMISSION_ALL_MODEL', 'ALL', FALSE);
                                    -- Delete from BLC_ADMIN_PERMISSION where ADMIN_PERMISSION_ID = '1039';
-- to get the last ID no.
-- select * from BLC_ADMIN_PERMISSION_ENTITY ORDER BY ADMIN_PERMISSION_ENTITY_ID  DESC LIMIT 1;
INSERT INTO BLC_ADMIN_PERMISSION_ENTITY (ADMIN_PERMISSION_ENTITY_ID, CEILING_ENTITY, ADMIN_PERMISSION_ID) VALUES (1018, 'org.technohaven.core.entities.VehicleModel', 1036);
INSERT INTO BLC_ADMIN_PERMISSION_ENTITY (ADMIN_PERMISSION_ENTITY_ID, CEILING_ENTITY, ADMIN_PERMISSION_ID) VALUES (1019, 'org.technohaven.core.entities.VehicleModel', 1037);
                                    -- DELETE FROM BLC_ADMIN_PERMISSION_ENTITY WHERE ADMIN_PERMISSION_ENTITY_ID = '1019';

-- End:- Create Admin permissions and entity permissions for your new entity


-- Start:- Friendly permissions
-- select * from BLC_ADMIN_PERMISSION ORDER BY ADMIN_PERMISSION_ID DESC LIMIT 1;
-- select * from BLC_ADMIN_PERMISSION_XREF ORDER BY CHILD_PERMISSION_ID  DESC LIMIT 1; to get the last ID no.
INSERT INTO BLC_ADMIN_PERMISSION (ADMIN_PERMISSION_ID, DESCRIPTION, NAME, PERMISSION_TYPE, IS_FRIENDLY) VALUES (1038,'View Model','PERMISSION_MODEL_VIEW', 'READ', TRUE);
INSERT INTO BLC_ADMIN_PERMISSION_XREF (ADMIN_PERMISSION_ID, CHILD_PERMISSION_ID) VALUES (1038, 1036);
INSERT INTO BLC_ADMIN_PERMISSION (ADMIN_PERMISSION_ID, DESCRIPTION, NAME, PERMISSION_TYPE, IS_FRIENDLY) VALUES (1039,'Maintain Model','PERMISSION_MODEL_ALL', 'ALL', TRUE);
INSERT INTO BLC_ADMIN_PERMISSION_XREF (ADMIN_PERMISSION_ID, CHILD_PERMISSION_ID) VALUES (1039, 1037);
                                    -- DELETE FROM BLC_ADMIN_PERMISSION_XREF WHERE ADMIN_PERMISSION_ID = '1039';
-- End:- Friendly permissions

-- Start:- Add Role Permission XREF to the All Permission
INSERT INTO BLC_ADMIN_ROLE_PERMISSION_XREF (ADMIN_ROLE_ID, ADMIN_PERMISSION_ID) VALUES (-1,1039);
                                    -- DELETE FROM BLC_ADMIN_ROLE_PERMISSION_XREF WHERE  ADMIN_PERMISSION_ID = '1039';
-- End:- Add Role Permission XREF to the All Permission

                              -- 26-05-2022 parves ahmed moon End


                                -- Start ENTITY(Warehouse) :- Create Admin permissions and entity permissions for your new entity
-- select * from BLC_ADMIN_PERMISSION ORDER BY ADMIN_PERMISSION_ID DESC LIMIT 1; to get the last ID no.
INSERT INTO BLC_ADMIN_PERMISSION (ADMIN_PERMISSION_ID, DESCRIPTION, NAME, PERMISSION_TYPE, IS_FRIENDLY) values (1040,'Read Warehouse','PERMISSION_READ_WAREHOUSE', 'READ', FALSE);
INSERT INTO BLC_ADMIN_PERMISSION (ADMIN_PERMISSION_ID, DESCRIPTION, NAME, PERMISSION_TYPE, IS_FRIENDLY) VALUES (1041,'All Warehouse','PERMISSION_ALL_WAREHOUSE', 'ALL', FALSE);

-- select * from BLC_ADMIN_PERMISSION_ENTITY ORDER BY ADMIN_PERMISSION_ENTITY_ID  DESC LIMIT 1; to get the last ID no.
INSERT INTO BLC_ADMIN_PERMISSION_ENTITY (ADMIN_PERMISSION_ENTITY_ID, CEILING_ENTITY, ADMIN_PERMISSION_ID) VALUES (1020, 'org.technohaven.core.entities.Warehouse', 1040);
INSERT INTO BLC_ADMIN_PERMISSION_ENTITY (ADMIN_PERMISSION_ENTITY_ID, CEILING_ENTITY, ADMIN_PERMISSION_ID) VALUES (1021, 'org.technohaven.core.entities.Warehouse', 1041);
                        -- End:- Create Admin permissions and entity permissions for your new entity

                                -- Start:- Friendly permissions
-- select * from BLC_ADMIN_PERMISSION ORDER BY ADMIN_PERMISSION_ID DESC LIMIT 1; to get the last ID no.
-- select * from BLC_ADMIN_PERMISSION_XREF ORDER BY CHILD_PERMISSION_ID  DESC LIMIT 1; to get the last ID no.
INSERT INTO BLC_ADMIN_PERMISSION (ADMIN_PERMISSION_ID, DESCRIPTION, NAME, PERMISSION_TYPE, IS_FRIENDLY) VALUES (1042,'View Warehouse','PERMISSION_WAREHOUSE_VIEW', 'READ', TRUE);
INSERT INTO BLC_ADMIN_PERMISSION_XREF (ADMIN_PERMISSION_ID, CHILD_PERMISSION_ID) VALUES (1042, 1040);
INSERT INTO BLC_ADMIN_PERMISSION (ADMIN_PERMISSION_ID, DESCRIPTION, NAME, PERMISSION_TYPE, IS_FRIENDLY) VALUES (1043,'Maintain Warehouse','PERMISSION_WAREHOUSE_ALL', 'ALL', TRUE);
INSERT INTO BLC_ADMIN_PERMISSION_XREF (ADMIN_PERMISSION_ID, CHILD_PERMISSION_ID) VALUES (1043, 1041);
                                -- End:- Friendly permissions

                                -- Start:- Add Role Permission XREF to the All Permission
INSERT INTO BLC_ADMIN_ROLE_PERMISSION_XREF (ADMIN_ROLE_ID, ADMIN_PERMISSION_ID) VALUES (-1,1043);
                                -- End:- Add Role Permission XREF to the All Permission

                                -- 29-05-2022 Saju ahmed start

                                -- Start MODULE :- Create Configuration module
# To get the last ID no.
-- select * from BLC_ADMIN_MODULE ORDER BY ADMIN_MODULE_ID DESC LIMIT 1;
-- INSERT INTO BLC_ADMIN_MODULE (ADMIN_MODULE_ID, NAME, MODULE_KEY, ICON, DISPLAY_ORDER) values (1004, 'Configuration','Configuration', 'blc-icon-settings', 1);
                                    -- End:- Create LocationSetup module

            -- Start ENTITY(PkgTrim) :- Create Admin permissions and entity permissions for your new entity
-- select * from BLC_ADMIN_PERMISSION ORDER BY ADMIN_PERMISSION_ID DESC LIMIT 1;
INSERT INTO BLC_ADMIN_PERMISSION (ADMIN_PERMISSION_ID, DESCRIPTION, NAME, PERMISSION_TYPE, IS_FRIENDLY) values (1044,'Read PkgTrim','PERMISSION_READ_PKGTRIM', 'READ', FALSE);
INSERT INTO BLC_ADMIN_PERMISSION (ADMIN_PERMISSION_ID, DESCRIPTION, NAME, PERMISSION_TYPE, IS_FRIENDLY) VALUES (1045,'All PkgTrim','PERMISSION_ALL_PKGTRIM', 'ALL', FALSE);

-- select * from BLC_ADMIN_PERMISSION_ENTITY ORDER BY ADMIN_PERMISSION_ENTITY_ID  DESC LIMIT 1; to get the last ID no.
INSERT INTO BLC_ADMIN_PERMISSION_ENTITY (ADMIN_PERMISSION_ENTITY_ID, CEILING_ENTITY, ADMIN_PERMISSION_ID) VALUES (1022, 'org.technohaven.core.entities.PkgTrim', 1044);
INSERT INTO BLC_ADMIN_PERMISSION_ENTITY (ADMIN_PERMISSION_ENTITY_ID, CEILING_ENTITY, ADMIN_PERMISSION_ID) VALUES (1023, 'org.technohaven.core.entities.PkgTrim', 1045);
                        -- End:- Create Admin permissions and entity permissions for your new entity

                                -- Start:- Friendly permissions
-- select * from BLC_ADMIN_PERMISSION ORDER BY ADMIN_PERMISSION_ID DESC LIMIT 1; to get the last ID no.
-- select * from BLC_ADMIN_PERMISSION_XREF ORDER BY CHILD_PERMISSION_ID  DESC LIMIT 1; to get the last ID no.
INSERT INTO BLC_ADMIN_PERMISSION (ADMIN_PERMISSION_ID, DESCRIPTION, NAME, PERMISSION_TYPE, IS_FRIENDLY) VALUES (1046,'View PkgTrim','PERMISSION_PKGTRIM_VIEW', 'READ', TRUE);
INSERT INTO BLC_ADMIN_PERMISSION_XREF (ADMIN_PERMISSION_ID, CHILD_PERMISSION_ID) VALUES (1046, 1044);
INSERT INTO BLC_ADMIN_PERMISSION (ADMIN_PERMISSION_ID, DESCRIPTION, NAME, PERMISSION_TYPE, IS_FRIENDLY) VALUES (1047,'Maintain PkgTrim','PERMISSION_PKGTRIM_ALL', 'ALL', TRUE);
INSERT INTO BLC_ADMIN_PERMISSION_XREF (ADMIN_PERMISSION_ID, CHILD_PERMISSION_ID) VALUES (1047, 1045);
                                -- End:- Friendly permissions

                                -- Start:- Add Role Permission XREF to the All Permission
INSERT INTO BLC_ADMIN_ROLE_PERMISSION_XREF (ADMIN_ROLE_ID, ADMIN_PERMISSION_ID) VALUES (-1,1047);
                                -- End:- Add Role Permission XREF to the All Permission

           -- Start ENTITY(Vehicle) :- Create Admin permissions and entity permissions for your new entity
-- select * from BLC_ADMIN_PERMISSION ORDER BY ADMIN_PERMISSION_ID DESC LIMIT 1; to get the last ID no.
INSERT INTO BLC_ADMIN_PERMISSION (ADMIN_PERMISSION_ID, DESCRIPTION, NAME, PERMISSION_TYPE, IS_FRIENDLY) values (1048,'Read Vehicle','PERMISSION_READ_VEHICLE', 'READ', FALSE);
INSERT INTO BLC_ADMIN_PERMISSION (ADMIN_PERMISSION_ID, DESCRIPTION, NAME, PERMISSION_TYPE, IS_FRIENDLY) VALUES (1049,'All Vehicle','PERMISSION_ALL_VEHICLE', 'ALL', FALSE);

-- select * from BLC_ADMIN_PERMISSION_ENTITY ORDER BY ADMIN_PERMISSION_ENTITY_ID  DESC LIMIT 1; to get the last ID no.
INSERT INTO BLC_ADMIN_PERMISSION_ENTITY (ADMIN_PERMISSION_ENTITY_ID, CEILING_ENTITY, ADMIN_PERMISSION_ID) VALUES (1024, 'org.technohaven.core.entities.Vehicle', 1048);
INSERT INTO BLC_ADMIN_PERMISSION_ENTITY (ADMIN_PERMISSION_ENTITY_ID, CEILING_ENTITY, ADMIN_PERMISSION_ID) VALUES (1025, 'org.technohaven.core.entities.Vehicle', 1049);
                        -- End:- Create Admin permissions and entity permissions for your new entity

                                -- Start:- Friendly permissions
-- select * from BLC_ADMIN_PERMISSION ORDER BY ADMIN_PERMISSION_ID DESC LIMIT 1; to get the last ID no.
-- select * from BLC_ADMIN_PERMISSION_XREF ORDER BY CHILD_PERMISSION_ID  DESC LIMIT 1; to get the last ID no.
INSERT INTO BLC_ADMIN_PERMISSION (ADMIN_PERMISSION_ID, DESCRIPTION, NAME, PERMISSION_TYPE, IS_FRIENDLY) VALUES (1050,'View Vehicle','PERMISSION_VEHICLE_VIEW', 'READ', TRUE);
INSERT INTO BLC_ADMIN_PERMISSION_XREF (ADMIN_PERMISSION_ID, CHILD_PERMISSION_ID) VALUES (1050, 1048);
INSERT INTO BLC_ADMIN_PERMISSION (ADMIN_PERMISSION_ID, DESCRIPTION, NAME, PERMISSION_TYPE, IS_FRIENDLY) VALUES (1051,'Maintain Vehicle','PERMISSION_VEHICLE_ALL', 'ALL', TRUE);
INSERT INTO BLC_ADMIN_PERMISSION_XREF (ADMIN_PERMISSION_ID, CHILD_PERMISSION_ID) VALUES (1051, 1049);
                                -- End:- Friendly permissions

                                -- Start:- Add Role Permission XREF to the All Permission
INSERT INTO BLC_ADMIN_ROLE_PERMISSION_XREF (ADMIN_ROLE_ID, ADMIN_PERMISSION_ID) VALUES (-1,1051);
                                -- End:- Add Role Permission XREF to the All Permission

        -- Start ENTITY(AuctionGrade) :- Create Admin permissions and entity permissions for your new entity
-- select * from BLC_ADMIN_PERMISSION ORDER BY ADMIN_PERMISSION_ID DESC LIMIT 1;
INSERT INTO BLC_ADMIN_PERMISSION (ADMIN_PERMISSION_ID, DESCRIPTION, NAME, PERMISSION_TYPE, IS_FRIENDLY) values (1052,'Read AuctionGrade','PERMISSION_READ_AUCTION_GRADE', 'READ', FALSE);
INSERT INTO BLC_ADMIN_PERMISSION (ADMIN_PERMISSION_ID, DESCRIPTION, NAME, PERMISSION_TYPE, IS_FRIENDLY) VALUES (1053,'All AuctionGrade','PERMISSION_ALL_AUCTION_GRADE', 'ALL', FALSE);

-- select * from BLC_ADMIN_PERMISSION_ENTITY ORDER BY ADMIN_PERMISSION_ENTITY_ID  DESC LIMIT 1;
INSERT INTO BLC_ADMIN_PERMISSION_ENTITY (ADMIN_PERMISSION_ENTITY_ID, CEILING_ENTITY, ADMIN_PERMISSION_ID) VALUES (1026, 'org.technohaven.core.entities.AuctionGrade', 1052);
INSERT INTO BLC_ADMIN_PERMISSION_ENTITY (ADMIN_PERMISSION_ENTITY_ID, CEILING_ENTITY, ADMIN_PERMISSION_ID) VALUES (1027, 'org.technohaven.core.entities.AuctionGrade', 1053);
                        -- End:- Create Admin permissions and entity permissions for your new entity

                                -- Start:- Friendly permissions
-- select * from BLC_ADMIN_PERMISSION ORDER BY ADMIN_PERMISSION_ID DESC LIMIT 1;
-- select * from BLC_ADMIN_PERMISSION_XREF ORDER BY CHILD_PERMISSION_ID  DESC LIMIT 1;
INSERT INTO BLC_ADMIN_PERMISSION (ADMIN_PERMISSION_ID, DESCRIPTION, NAME, PERMISSION_TYPE, IS_FRIENDLY) VALUES (1054,'View AuctionGrade','PERMISSION_AUCTION_GRADE_VIEW', 'READ', TRUE);
INSERT INTO BLC_ADMIN_PERMISSION_XREF (ADMIN_PERMISSION_ID, CHILD_PERMISSION_ID) VALUES (1054, 1052);
INSERT INTO BLC_ADMIN_PERMISSION (ADMIN_PERMISSION_ID, DESCRIPTION, NAME, PERMISSION_TYPE, IS_FRIENDLY) VALUES (1055,'Maintain AuctionGrade','PERMISSION_AUCTION_GRADE_ALL', 'ALL', TRUE);
INSERT INTO BLC_ADMIN_PERMISSION_XREF (ADMIN_PERMISSION_ID, CHILD_PERMISSION_ID) VALUES (1055, 1053);
                                -- End:- Friendly permissions

                                -- Start:- Add Role Permission XREF to the All Permission
INSERT INTO BLC_ADMIN_ROLE_PERMISSION_XREF (ADMIN_ROLE_ID, ADMIN_PERMISSION_ID) VALUES (-1,1055);
                                -- End:- Add Role Permission XREF to the All Permission

                                -- 29-05-2022 Saju ahmed End



                               -- 02-06-2022 parves ahmed moon start


               -- Start ENTITY(Vehicle Condition) :- Create Admin permissions and entity permissions for your new entity

-- select * from BLC_ADMIN_PERMISSION ORDER BY ADMIN_PERMISSION_ID DESC LIMIT 1;

INSERT INTO BLC_ADMIN_PERMISSION (ADMIN_PERMISSION_ID, DESCRIPTION, NAME, PERMISSION_TYPE, IS_FRIENDLY) values (1056,'Read VehicleCondition','PERMISSION_READ_VEHICLECONDITION', 'READ', FALSE);
INSERT INTO BLC_ADMIN_PERMISSION (ADMIN_PERMISSION_ID, DESCRIPTION, NAME, PERMISSION_TYPE, IS_FRIENDLY) VALUES (1057,'All VehicleCondition','PERMISSION_ALL_VEHICLECONDITION', 'ALL', FALSE);

-- select * from BLC_ADMIN_PERMISSION_ENTITY ORDER BY ADMIN_PERMISSION_ENTITY_ID  DESC LIMIT 1;
INSERT INTO BLC_ADMIN_PERMISSION_ENTITY (ADMIN_PERMISSION_ENTITY_ID, CEILING_ENTITY, ADMIN_PERMISSION_ID) VALUES (1028, 'org.technohaven.core.entities.VehicleCondition', 1056);
INSERT INTO BLC_ADMIN_PERMISSION_ENTITY (ADMIN_PERMISSION_ENTITY_ID, CEILING_ENTITY, ADMIN_PERMISSION_ID) VALUES (1029, 'org.technohaven.core.entities.VehicleCondition', 1057);

                -- End:- Create Admin permissions and entity permissions for your new entity

                -- Start:- Friendly permissions
-- select * from BLC_ADMIN_PERMISSION ORDER BY ADMIN_PERMISSION_ID DESC LIMIT 1;
-- select * from BLC_ADMIN_PERMISSION_XREF ORDER BY CHILD_PERMISSION_ID  DESC LIMIT 1; to get the last ID no.
INSERT INTO BLC_ADMIN_PERMISSION (ADMIN_PERMISSION_ID, DESCRIPTION, NAME, PERMISSION_TYPE, IS_FRIENDLY) VALUES (1058,'View VehicleCondition','PERMISSION_VEHICLECONDITION_VIEW', 'READ', TRUE);
INSERT INTO BLC_ADMIN_PERMISSION_XREF (ADMIN_PERMISSION_ID, CHILD_PERMISSION_ID) VALUES (1058, 1056);
INSERT INTO BLC_ADMIN_PERMISSION (ADMIN_PERMISSION_ID, DESCRIPTION, NAME, PERMISSION_TYPE, IS_FRIENDLY) VALUES (1059,'Maintain VehicleCondition','PERMISSION_VEHICLECONDITION_ALL', 'ALL', TRUE);
INSERT INTO BLC_ADMIN_PERMISSION_XREF (ADMIN_PERMISSION_ID, CHILD_PERMISSION_ID) VALUES (1059, 1057);
                -- End:- Friendly permissions

                -- Start:- Add Role Permission XREF to the All Permission
INSERT INTO BLC_ADMIN_ROLE_PERMISSION_XREF (ADMIN_ROLE_ID, ADMIN_PERMISSION_ID) VALUES (-1,1059);
                -- End:- Add Role Permission XREF to the All Permission

                -- End ENTITY(Vehicle Condition)


     -- Start ENTITY(Engine Capacity) :- Create Admin permissions and entity permissions for your new entity

-- select * from BLC_ADMIN_PERMISSION ORDER BY ADMIN_PERMISSION_ID DESC LIMIT 1;
INSERT INTO BLC_ADMIN_PERMISSION (ADMIN_PERMISSION_ID, DESCRIPTION, NAME, PERMISSION_TYPE, IS_FRIENDLY) values (1060,'Read EngineCapacity','PERMISSION_READ_ENGINECAPACITY', 'READ', FALSE);
INSERT INTO BLC_ADMIN_PERMISSION (ADMIN_PERMISSION_ID, DESCRIPTION, NAME, PERMISSION_TYPE, IS_FRIENDLY) VALUES (1061,'All EngineCapacity','PERMISSION_ALL_ENGINECAPACITY', 'ALL', FALSE);

-- select * from BLC_ADMIN_PERMISSION_ENTITY ORDER BY ADMIN_PERMISSION_ENTITY_ID  DESC LIMIT 1;
INSERT INTO BLC_ADMIN_PERMISSION_ENTITY (ADMIN_PERMISSION_ENTITY_ID, CEILING_ENTITY, ADMIN_PERMISSION_ID) VALUES (1030, 'org.technohaven.core.entities.EngineCapacity', 1060);
INSERT INTO BLC_ADMIN_PERMISSION_ENTITY (ADMIN_PERMISSION_ENTITY_ID, CEILING_ENTITY, ADMIN_PERMISSION_ID) VALUES (1031, 'org.technohaven.core.entities.EngineCapacity', 1061);
                    -- End:- Create Admin permissions and entity permissions for your new entity

                    -- Start:- Friendly permissions
-- select * from BLC_ADMIN_PERMISSION ORDER BY ADMIN_PERMISSION_ID DESC LIMIT 1;
-- select * from BLC_ADMIN_PERMISSION_XREF ORDER BY CHILD_PERMISSION_ID  DESC LIMIT 1; to get the last ID no.
INSERT INTO BLC_ADMIN_PERMISSION (ADMIN_PERMISSION_ID, DESCRIPTION, NAME, PERMISSION_TYPE, IS_FRIENDLY) VALUES (1062,'View EngineCapacity','PERMISSION_ENGINECAPACITY_VIEW', 'READ', TRUE);
INSERT INTO BLC_ADMIN_PERMISSION_XREF (ADMIN_PERMISSION_ID, CHILD_PERMISSION_ID) VALUES (1062, 1060);
INSERT INTO BLC_ADMIN_PERMISSION (ADMIN_PERMISSION_ID, DESCRIPTION, NAME, PERMISSION_TYPE, IS_FRIENDLY) VALUES (1063,'Maintain EngineCapacity','PERMISSION_ENGINECAPACITY_ALL', 'ALL', TRUE);
INSERT INTO BLC_ADMIN_PERMISSION_XREF (ADMIN_PERMISSION_ID, CHILD_PERMISSION_ID) VALUES (1063, 1061);
                    -- End:- Friendly permissions

                    -- Start:- Add Role Permission XREF to the All Permission
INSERT INTO BLC_ADMIN_ROLE_PERMISSION_XREF (ADMIN_ROLE_ID, ADMIN_PERMISSION_ID) VALUES (-1,1063);
                    -- End:- Add Role Permission XREF to the All Permission

                                    -- End ENTITY(Engine Capacity)

                                     -- 02-06-2022 parves ahmed moon End


                                     -- 13-06-2022 Saju ahmed start

    -- Start ENTITY(AdminPermissionQualifiedEntity) :- Create Admin permissions and entity permissions for your new entity

-- select * from BLC_ADMIN_PERMISSION ORDER BY ADMIN_PERMISSION_ID DESC LIMIT 1;
INSERT INTO BLC_ADMIN_PERMISSION (ADMIN_PERMISSION_ID, DESCRIPTION, NAME, PERMISSION_TYPE, IS_FRIENDLY) values (1064,'Read AdminPermissionQualifiedEntity','PERMISSION_READ_ADMIN_PERMISSION_ENTITY', 'READ', FALSE);
INSERT INTO BLC_ADMIN_PERMISSION (ADMIN_PERMISSION_ID, DESCRIPTION, NAME, PERMISSION_TYPE, IS_FRIENDLY) VALUES (1065,'All AdminPermissionQualifiedEntity','PERMISSION_ALL_ADMIN_PERMISSION_ENTITY', 'ALL', FALSE);

-- select * from BLC_ADMIN_PERMISSION_ENTITY ORDER BY ADMIN_PERMISSION_ENTITY_ID  DESC LIMIT 1;
INSERT INTO BLC_ADMIN_PERMISSION_ENTITY (ADMIN_PERMISSION_ENTITY_ID, CEILING_ENTITY, ADMIN_PERMISSION_ID) VALUES (1032, 'org.broadleafcommerce.openadmin.server.security.domain.AdminPermissionQualifiedEntity', 1064);
INSERT INTO BLC_ADMIN_PERMISSION_ENTITY (ADMIN_PERMISSION_ENTITY_ID, CEILING_ENTITY, ADMIN_PERMISSION_ID) VALUES (1033, 'org.broadleafcommerce.openadmin.server.security.domain.AdminPermissionQualifiedEntity', 1065);
                    -- End:- Create Admin permissions and entity permissions for your new entity


                    -- Start:- Friendly permissions
-- select * from BLC_ADMIN_PERMISSION ORDER BY ADMIN_PERMISSION_ID DESC LIMIT 1;
-- select * from BLC_ADMIN_PERMISSION_XREF ORDER BY CHILD_PERMISSION_ID  DESC LIMIT 1; to get the last ID no.
INSERT INTO BLC_ADMIN_PERMISSION (ADMIN_PERMISSION_ID, DESCRIPTION, NAME, PERMISSION_TYPE, IS_FRIENDLY) VALUES (1066,'View AdminPermissionQualifiedEntity','PERMISSION_ADMIN_PERMISSION_ENTITY_VIEW', 'READ', TRUE);
INSERT INTO BLC_ADMIN_PERMISSION_XREF (ADMIN_PERMISSION_ID, CHILD_PERMISSION_ID) VALUES (1066, 1064);
INSERT INTO BLC_ADMIN_PERMISSION (ADMIN_PERMISSION_ID, DESCRIPTION, NAME, PERMISSION_TYPE, IS_FRIENDLY) VALUES (1067,'Maintain AdminPermissionQualifiedEntity','PERMISSION_ADMIN_PERMISSION_ENTITY_ALL', 'ALL', TRUE);
INSERT INTO BLC_ADMIN_PERMISSION_XREF (ADMIN_PERMISSION_ID, CHILD_PERMISSION_ID) VALUES (1067, 1065);
                    -- End:- Friendly permissions

                    -- Start:- Add Role Permission XREF to the All Permission
INSERT INTO BLC_ADMIN_ROLE_PERMISSION_XREF (ADMIN_ROLE_ID, ADMIN_PERMISSION_ID) VALUES (-1,1067);
                    -- End:- Add Role Permission XREF to the All Permission

                     -- End ENTITY(AdminPermissionQualifiedEntity)

        -- Start ENTITY(AdminSection) :- Create Admin permissions and entity permissions for your new entity

-- select * from BLC_ADMIN_PERMISSION ORDER BY ADMIN_PERMISSION_ID DESC LIMIT 1;
INSERT INTO BLC_ADMIN_PERMISSION (ADMIN_PERMISSION_ID, DESCRIPTION, NAME, PERMISSION_TYPE, IS_FRIENDLY) values (1068,'Read AdminSection','PERMISSION_READ_ADMIN_SECTION', 'READ', FALSE);
INSERT INTO BLC_ADMIN_PERMISSION (ADMIN_PERMISSION_ID, DESCRIPTION, NAME, PERMISSION_TYPE, IS_FRIENDLY) VALUES (1069,'All AdminSection','PERMISSION_ALL_ADMIN_SECTION', 'ALL', FALSE);

-- select * from BLC_ADMIN_PERMISSION_ENTITY ORDER BY ADMIN_PERMISSION_ENTITY_ID  DESC LIMIT 1;
INSERT INTO BLC_ADMIN_PERMISSION_ENTITY (ADMIN_PERMISSION_ENTITY_ID, CEILING_ENTITY, ADMIN_PERMISSION_ID) VALUES (1034, 'org.broadleafcommerce.openadmin.server.security.domain.AdminSection', 1068);
INSERT INTO BLC_ADMIN_PERMISSION_ENTITY (ADMIN_PERMISSION_ENTITY_ID, CEILING_ENTITY, ADMIN_PERMISSION_ID) VALUES (1035, 'org.broadleafcommerce.openadmin.server.security.domain.AdminSection', 1069);
                    -- End:- Create Admin permissions and entity permissions for your new entity

                    -- Start:- Friendly permissions
-- select * from BLC_ADMIN_PERMISSION ORDER BY ADMIN_PERMISSION_ID DESC LIMIT 1;
-- select * from BLC_ADMIN_PERMISSION_XREF ORDER BY CHILD_PERMISSION_ID  DESC LIMIT 1; to get the last ID no.
INSERT INTO BLC_ADMIN_PERMISSION (ADMIN_PERMISSION_ID, DESCRIPTION, NAME, PERMISSION_TYPE, IS_FRIENDLY) VALUES (1070,'View AdminSection','PERMISSION_ADMIN_SECTION_VIEW', 'READ', TRUE);
INSERT INTO BLC_ADMIN_PERMISSION_XREF (ADMIN_PERMISSION_ID, CHILD_PERMISSION_ID) VALUES (1070, 1068);
INSERT INTO BLC_ADMIN_PERMISSION (ADMIN_PERMISSION_ID, DESCRIPTION, NAME, PERMISSION_TYPE, IS_FRIENDLY) VALUES (1071,'Maintain AdminSection','PERMISSION_ADMIN_SECTION_ALL', 'ALL', TRUE);
INSERT INTO BLC_ADMIN_PERMISSION_XREF (ADMIN_PERMISSION_ID, CHILD_PERMISSION_ID) VALUES (1071, 1069);
                    -- End:- Friendly permissions

                    -- Start:- Add Role Permission XREF to the All Permission
INSERT INTO BLC_ADMIN_ROLE_PERMISSION_XREF (ADMIN_ROLE_ID, ADMIN_PERMISSION_ID) VALUES (-1,1071);
                    -- End:- Add Role Permission XREF to the All Permission

                                    -- End ENTITY(AdminSection)

        -- Start ENTITY(AdminModule) :- Create Admin permissions and entity permissions for your new entity

-- select * from BLC_ADMIN_PERMISSION ORDER BY ADMIN_PERMISSION_ID DESC LIMIT 1;
INSERT INTO BLC_ADMIN_PERMISSION (ADMIN_PERMISSION_ID, DESCRIPTION, NAME, PERMISSION_TYPE, IS_FRIENDLY) values (1072,'Read AdminModule','PERMISSION_READ_ADMIN_MODULE', 'READ', FALSE);
INSERT INTO BLC_ADMIN_PERMISSION (ADMIN_PERMISSION_ID, DESCRIPTION, NAME, PERMISSION_TYPE, IS_FRIENDLY) VALUES (1073,'All AdminModule','PERMISSION_ALL_ADMIN_MODULE', 'ALL', FALSE);

-- select * from BLC_ADMIN_PERMISSION_ENTITY ORDER BY ADMIN_PERMISSION_ENTITY_ID  DESC LIMIT 1;
INSERT INTO BLC_ADMIN_PERMISSION_ENTITY (ADMIN_PERMISSION_ENTITY_ID, CEILING_ENTITY, ADMIN_PERMISSION_ID) VALUES (1036, 'org.broadleafcommerce.openadmin.server.security.domain.AdminModule', 1072);
INSERT INTO BLC_ADMIN_PERMISSION_ENTITY (ADMIN_PERMISSION_ENTITY_ID, CEILING_ENTITY, ADMIN_PERMISSION_ID) VALUES (1037, 'org.broadleafcommerce.openadmin.server.security.domain.AdminModule', 1073);
                    -- End:- Create Admin permissions and entity permissions for your new entity

                    -- Start:- Friendly permissions
-- select * from BLC_ADMIN_PERMISSION ORDER BY ADMIN_PERMISSION_ID DESC LIMIT 1;
-- select * from BLC_ADMIN_PERMISSION_XREF ORDER BY CHILD_PERMISSION_ID  DESC LIMIT 1; to get the last ID no.
INSERT INTO BLC_ADMIN_PERMISSION (ADMIN_PERMISSION_ID, DESCRIPTION, NAME, PERMISSION_TYPE, IS_FRIENDLY) VALUES (1074,'View AdminModule','PERMISSION_ADMIN_MODULE_VIEW', 'READ', TRUE);
INSERT INTO BLC_ADMIN_PERMISSION_XREF (ADMIN_PERMISSION_ID, CHILD_PERMISSION_ID) VALUES (1074, 1072);
INSERT INTO BLC_ADMIN_PERMISSION (ADMIN_PERMISSION_ID, DESCRIPTION, NAME, PERMISSION_TYPE, IS_FRIENDLY) VALUES (1075,'Maintain AdminModule','PERMISSION_ADMIN_MODULE_ALL', 'ALL', TRUE);
INSERT INTO BLC_ADMIN_PERMISSION_XREF (ADMIN_PERMISSION_ID, CHILD_PERMISSION_ID) VALUES (1075, 1073);
                    -- End:- Friendly permissions

                    -- Start:- Add Role Permission XREF to the All Permission
INSERT INTO BLC_ADMIN_ROLE_PERMISSION_XREF (ADMIN_ROLE_ID, ADMIN_PERMISSION_ID) VALUES (-1,1075);
                    -- End:- Add Role Permission XREF to the All Permission

                                    -- End ENTITY(AdminSection)

                                     -- 13-06-2022 Saju ahmed End